{
  "timestamp": "2025-06-09T09:03:22.510920",
  "progress": {
    "cells_tested": 0,
    "phases_completed": [],
    "time_elapsed": 24.07427453994751
  }
}