{
  "timestamp": "2025-06-10T01:26:50.973449",
  "results": {
    "1": {
      "standard": {
        "avg_charge": 0.0009375,
        "std_charge": 0.006924537439425106,
        "charge_levels": [
          0.0625,
          0.0,
          0.0,
          0.0,
          0.0,
          0.0,
          0.0,
          0.0,
          0.0,
          0.0,
          0.0,
          0.0,
          0.0,
          0.0,
          0.0,
          0.0,
          0.0,
          0.0,
          0.0,
          0.0,
          0.0,
          0.0,
          0.0,
          0.0,
          0.0,
          0.0,
          0.0,
          0.0,
          0.0,
          0.0,
          0.0,
          0.0,
          0.0,
          0.0,
          0.0,
          0.0,
          0.0,
          0.0,
          0.0,
          0.0,
          0.0,
          0.0,
          0.0,
          0.0,
          0.0,
          0.0,
          0.0,
          0.0,
          0.0,
          0.0,
          0.0,
          0.0,
          0.0,
          0.0,
          0.0,
          0.0,
          0.0,
          0.0,
          0.0,
          0.0,
          0.0,
          0.0,
          0.0,
          0.0,
          0.0,
          0.0,
          0.03125,
          0.0,
          0.0,
          0.0,
          0.0,
          0.0,
          0.0,
          0.0,
          0.0,
          0.0,
          0.0,
          0.0,
          0.0,
          0.0,
          0.0,
          0.0,
          0.0,
          0.0,
          0.0,
          0.0,
          0.0,
          0.0,
          0.0,
          0.0,
          0.0,
          0.0,
          0.0,
          0.0,
          0.0,
          0.0,
          0.0,
          0.0,
          0.0,
          0.0
        ]
      }
    },
    "2": {
      "standard": {
        "avg_charge": 0.0625,
        "std_charge": 0.0,
        "charge_levels": [
          0.0625,
          0.0625,
          0.0625,
          0.0625,
          0.0625,
          0.0625,
          0.0625,
          0.0625,
          0.0625,
          0.0625,
          0.0625,
          0.0625,
          0.0625,
          0.0625,
          0.0625,
          0.0625,
          0.0625,
          0.0625,
          0.0625,
          0.0625,
          0.0625,
          0.0625,
          0.0625,
          0.0625,
          0.0625,
          0.0625,
          0.0625,
          0.0625,
          0.0625,
          0.0625,
          0.0625,
          0.0625,
          0.0625,
          0.0625,
          0.0625,
          0.0625,
          0.0625,
          0.0625,
          0.0625,
          0.0625,
          0.0625,
          0.0625,
          0.0625,
          0.0625,
          0.0625,
          0.0625,
          0.0625,
          0.0625,
          0.0625,
          0.0625,
          0.0625,
          0.0625,
          0.0625,
          0.0625,
          0.0625,
          0.0625,
          0.0625,
          0.0625,
          0.0625,
          0.0625,
          0.0625,
          0.0625,
          0.0625,
          0.0625,
          0.0625,
          0.0625,
          0.0625,
          0.0625,
          0.0625,
          0.0625,
          0.0625,
          0.0625,
          0.0625,
          0.0625,
          0.0625,
          0.0625,
          0.0625,
          0.0625,
          0.0625,
          0.0625,
          0.0625,
          0.0625,
          0.0625,
          0.0625,
          0.0625,
          0.0625,
          0.0625,
          0.0625,
          0.0625,
          0.0625,
          0.0625,
          0.0625,
          0.0625,
          0.0625,
          0.0625,
          0.0625,
          0.0625,
          0.0625,
          0.0625,
          0.0625
        ]
      },
      "iter_5": 0.0328125,
      "iter_10": 0.046875,
      "iter_15": 0.03125,
      "iter_20": 0.0625,
      "iter_30": 0.046875,
      "iter_50": 0.046875
    },
    "3": {
      "standard": {
        "avg_charge": 0.9909375,
        "std_charge": 0.09017073648778746,
        "charge_levels": [
          0.09375,
          1.0,
          1.0,
          1.0,
          1.0,
          1.0,
          1.0,
          1.0,
          1.0,
          1.0,
          1.0,
          1.0,
          1.0,
          1.0,
          1.0,
          1.0,
          1.0,
          1.0,
          1.0,
          1.0,
          1.0,
          1.0,
          1.0,
          1.0,
          1.0,
          1.0,
          1.0,
          1.0,
          1.0,
          1.0,
          1.0,
          1.0,
          1.0,
          1.0,
          1.0,
          1.0,
          1.0,
          1.0,
          1.0,
          1.0,
          1.0,
          1.0,
          1.0,
          1.0,
          1.0,
          1.0,
          1.0,
          1.0,
          1.0,
          1.0,
          1.0,
          1.0,
          1.0,
          1.0,
          1.0,
          1.0,
          1.0,
          1.0,
          1.0,
          1.0,
          1.0,
          1.0,
          1.0,
          1.0,
          1.0,
          1.0,
          1.0,
          1.0,
          1.0,
          1.0,
          1.0,
          1.0,
          1.0,
          1.0,
          1.0,
          1.0,
          1.0,
          1.0,
          1.0,
          1.0,
          1.0,
          1.0,
          1.0,
          1.0,
          1.0,
          1.0,
          1.0,
          1.0,
          1.0,
          1.0,
          1.0,
          1.0,
          1.0,
          1.0,
          1.0,
          1.0,
          1.0,
          1.0,
          1.0,
          1.0
        ]
      },
      "iter_5": 0.95,
      "iter_10": 1.0,
      "iter_15": 1.0,
      "iter_20": 1.0,
      "iter_30": 1.0,
      "iter_50": 1.0
    },
    "4": {
      "standard": {
        "avg_charge": 0.0625,
        "std_charge": 0.0,
        "charge_levels": [
          0.0625,
          0.0625,
          0.0625,
          0.0625,
          0.0625,
          0.0625,
          0.0625,
          0.0625,
          0.0625,
          0.0625,
          0.0625,
          0.0625,
          0.0625,
          0.0625,
          0.0625,
          0.0625,
          0.0625,
          0.0625,
          0.0625,
          0.0625,
          0.0625,
          0.0625,
          0.0625,
          0.0625,
          0.0625,
          0.0625,
          0.0625,
          0.0625,
          0.0625,
          0.0625,
          0.0625,
          0.0625,
          0.0625,
          0.0625,
          0.0625,
          0.0625,
          0.0625,
          0.0625,
          0.0625,
          0.0625,
          0.0625,
          0.0625,
          0.0625,
          0.0625,
          0.0625,
          0.0625,
          0.0625,
          0.0625,
          0.0625,
          0.0625,
          0.0625,
          0.0625,
          0.0625,
          0.0625,
          0.0625,
          0.0625,
          0.0625,
          0.0625,
          0.0625,
          0.0625,
          0.0625,
          0.0625,
          0.0625,
          0.0625,
          0.0625,
          0.0625,
          0.0625,
          0.0625,
          0.0625,
          0.0625,
          0.0625,
          0.0625,
          0.0625,
          0.0625,
          0.0625,
          0.0625,
          0.0625,
          0.0625,
          0.0625,
          0.0625,
          0.0625,
          0.0625,
          0.0625,
          0.0625,
          0.0625,
          0.0625,
          0.0625,
          0.0625,
          0.0625,
          0.0625,
          0.0625,
          0.0625,
          0.0625,
          0.0625,
          0.0625,
          0.0625,
          0.0625,
          0.0625,
          0.0625,
          0.0625
        ]
      }
    },
    "5": {
      "standard": {
        "avg_charge": 0.0628125,
        "std_charge": 0.003109335740958187,