{
  "timestamp": "2025-06-09T09:15:43.388107",
  "progress": {
    "cells_tested": 150,
    "phases_completed": [],
    "time_elapsed": 528.5435292720795
  }
}