{
  "timestamp": "2025-06-09T08:42:20.162117",
  "progress": {
    "cells_tested": 150,
    "phases_completed": [],
    "time_elapsed": 336.76707553863525
  }
}